{
  "BLAN1": {
    "po": {
      "x0": 459.3333333333333,
      "y0": 87.33333333333333,
      "x1": 556.0,
      "y1": 106.0,
      "page": 0
    },
    "amount": {
      "x0": 520.6666666666666,
      "y0": 740.6666666666666,
      "x1": 580.6666666666666,
      "y1": 758.6666666666666,
      "page": 0
    }
  }
}