{
  "BLAN1": {
    "po": {
      "x0": 459.3333333333333,
      "y0": 87.33333333333333,
      "x1": 556.0,
      "y1": 106.0,
      "page": 0
    },
    "amount": {
      "x0": 520.6666666666666,
      "y0": 740.6666666666666,
      "x1": 580.6666666666666,
      "y1": 758.6666666666666,
      "page": 0
    }
  },
  "GILM1": {
    "po": {
      "x0": 292.0,
      "y0": 332.0,
      "x1": 376.6666666666667,
      "y1": 358.6666666666667,
      "page": 0
    },
    "amount": {
      "x0": 478.6666666666667,
      "y0": 565.3333333333334,
      "x1": 547.3333333333334,
      "y1": 685.3333333333334,
      "page": 0
    }
  },
  "CASO01": {
    "po": {
      "x0": 39.333333333333336,
      "y0": 278.6666666666667,
      "x1": 134.66666666666666,
      "y1": 314.0,
      "page": 0
    },
    "amount": {
      "x0": 508.0,
      "y0": 378.6666666666667,
      "x1": 570.6666666666666,
      "y1": 485.3333333333333,
      "page": 0
    }
  },
  "ASSP01": {
    "po": {
      "x0": 205.33333333333334,
      "y0": 242.0,
      "x1": 304.0,
      "y1": 282.6666666666667,
      "page": 0
    },
    "invoice": {
      "x0": 403.3333333333333,
      "y0": 132.66666666666666,
      "x1": 512.6666666666666,
      "y1": 161.33333333333334,
      "page": 0
    }
  },
  "AFFI1": {
    "po": {
      "x0": 256.6666666666667,
      "y0": 256.6666666666667,
      "x1": 392.0,
      "y1": 274.6666666666667,
      "page": 0
    },
    "amount": {
      "x0": 464.6666666666667,
      "y0": 670.0,
      "x1": 564.6666666666666,
      "y1": 696.0,
      "page": 0
    },
    "invoice": {
      "x0": 440.6666666666667,
      "y0": 50.666666666666664,
      "x1": 564.0,
      "y1": 70.66666666666667,
      "page": 0
    }
  }
}